{
    "header": {
        "AddClstOta": false,
        "DEV_MAC_ADDR": "34:03:de:5b:7d:d8",
        "Description": "",
        "DeviceType": "CC3135R",
        "EnableReturnToFactory": "defaults_and_image",
        "Is5GSupport": true,
        "IsGen3": true,
        "IsModule": "0",
        "IsTheDeviceSecure": true,
        "KeyFileLocation": "",
        "Mode": "development",
        "Name": "local_ota_CC3135",
        "ProductionNWP": "1",
        "ReturnToFactoryGPIO": "0",
        "ServicePackFileLocation": "sp_4.7.0.3_3.1.0.5_3.1.0.26.bin",
        "StorageCapacityBytes": "2097152",
        "UseDefaultCertStore": false,
        "UseDefaultPlayGroundCatalog": false,
        "UseKey": 0,
        "UseOtp": false,
        "UseSecBtldr": false
    },
    "systemFiles": {
        "CONFIG_TYPE_AP": {
            "CHANNEL": "1",
            "HIDDEN_SSID": "0",
            "MAX_STT": "4",
            "PASSWORD": "",
            "SECURITY": "0",
            "SSID": "mysimplelink"
        },
        "CONFIG_TYPE_CSR_DICE_CFG": {
            "CREATE_CSR": false,
            "CSR_CERT_NUMBER": "",
            "CSR_COUNTRY_CODE": "",
            "CSR_EMAIL": "",
            "CSR_END_DAY": "31",
            "CSR_END_MONTH": "12",
            "CSR_END_YEAR": "2020",
            "CSR_ISCA": false,
            "CSR_LOCALITY": "",
            "CSR_NAME": "",
            "CSR_ORGANIZATION": "",
            "CSR_ORGANIZATION_UNIT": "",
            "CSR_START_DAY": "01",
            "CSR_START_MONTH": "01",
            "CSR_START_YEAR": "2013",
            "CSR_STATE": "",
            "CSR_SURNAME": "",
            "CSR_TOKEN": "",
            "CSR_USE_UDID_AS_COMMON_NAME": false,
            "CSR_VENDOR": false,
            "ENABLE_DICE": "0",
            "SystemFileId": "CONFIG_TYPE_CSR_DICE_CFG",
            "USE_RAND_NUMBER": false,
            "USE_SELF_SIGNED_CERT": false
        },
        "CONFIG_TYPE_DEVICE_NAME": {
            "DEVICE_URN": "mysimplelink",
            "DOMAIN_NAME": "mysimplelink.net"
        },
        "CONFIG_TYPE_DHCP_SRV": {
            "AP_DHCP_SERVER_LAST_IP_ADDRESS": "10.123.45.254",
            "AP_DHCP_SERVER_LEASE_TIME": "24",
            "AP_DHCP_SERVER_START_IP_ADDRESS": "10.123.45.2",
            "SystemFileId": "CONFIG_TYPE_DHCP_SRV"
        },
        "CONFIG_TYPE_HTTP_SRV": {
            "ACCESS_CA_CERT": false,
            "ACCESS_ROM": true,
            "CA_CERTIFICATE_FILE_NAME": "",
            "CERTIFICATE_FILE_NAME": "",
            "DEFAULT_CHANGED": false,
            "PRIM_PORT_SECURE": false,
            "PRIM_PORT_VAL": "80",
            "PRIVATEKEY_FILE_NAME": "",
            "SEC_PORT_ENABLE": false,
            "SEC_PORT_VAL": "8080"
        },
        "CONFIG_TYPE_IP_CONFIG": {
            "AP_ARP_RENEW_TIME": null,
            "AP_DEFAULT_GATEWAY": "10.123.45.1",
            "AP_DHCP_CLIENT_TIME_OUT": null,
            "AP_DHCP_SERVER_LAST_IP_ADDRESS": "10.123.45.254",
            "AP_DHCP_SERVER_MODE": null,
            "AP_DHCP_SERVER_START_IP_ADDRESS": "10.123.45.2",
            "AP_DNS_CLIENT_TIME": null,
            "AP_INACTIVITY_TIME": null,
            "AP_IPV4_DNS_SERVER": "10.123.45.1",
            "AP_IPV6_DNS_SERVER": null,
            "AP_IP_MODE": null,
            "AP_KEEP_ALIVE_TIME": null,
            "AP_STATIC_IP": "10.123.45.1",
            "AP_STATIC_IPV6_GLOBAL_ADDRESS": null,
            "AP_STATIC_IPV6_LOCAL_ADDRESS": null,
            "AP_SUBNET_MASK": null,
            "STA_ARP_RENEW_TIME": null,
            "STA_DEFAULT_GATEWAY": "192.168.1.31",
            "STA_DHCP_CLIENT_TIME_OUT": null,
            "STA_DHCP_SERVER_LAST_IP_ADDRESS": null,
            "STA_DHCP_SERVER_MODE": null,
            "STA_DHCP_SERVER_START_IP_ADDRESS": null,
            "STA_DNS_CLIENT_TIME": null,
            "STA_INACTIVITY_TIME": null,
            "STA_IPV4_DNS_SERVER": "192.168.1.31",
            "STA_IPV6_DNS_SERVER": null,
            "STA_IP_MODE": "True",
            "STA_KEEP_ALIVE_TIME": null,
            "STA_STATIC_IP": "192.168.1.101",
            "STA_STATIC_IPV6_GLOBAL_ADDRESS": null,
            "STA_STATIC_IPV6_LOCAL_ADDRESS": null,
            "STA_SUBNET_MASK": "255.255.255.0",
            "SystemFileId": "CONFIG_TYPE_IP_CONFIG"
        },
        "CONFIG_TYPE_MAC": {
            "MAC_ADDR": "08:00:28:11:22:33",
            "SystemFileId": "CONFIG_TYPE_MAC",
            "USE_DEFAULT": 1
        },
        "CONFIG_TYPE_MODE": {
            "ANTSEL_ANT1": 28,
            "ANTSEL_ANT2": 10,
            "ANTSEL_MODE": 0,
            "AP_START_APPS": 15,
            "AP_TX_POWER_LEVEL": "0",
            "AUTO_PROV_EXTERNAL_CONFIRMATION": "0",
            "COUNTRY_CODE": "EU",
            "CO_EX_INPUT": 9,
            "CO_EX_MODE": 0,
            "CO_EX_OUTPUT": 12,
            "IGNORE_FORCE_AP": "0",
            "Is5GEnabled": true,
            "NO_PSPOLL_MODE": false,
            "P2P_CLS_START_APPS": 5,
            "P2P_GO_START_APPS": 15,
            "PHY_AP_HIGH_TX_POWER": 0,
            "PHY_CAL_MODE": "0",
            "PHY_STA_HIGH_TX_POWER": 0,
            "PROVISIONING_MODE": 2,
            "PROVISIONING_MONITOR_TIMER": 0,
            "PROVISIONING_RESULT": 0,
            "PROVISIONING_ROLE_AFTER_SUCCESS": 0,
            "PROVISIONING_SAVED_AUTO_START": 1,
            "PROVISIONING_SAVED_ROLE": 0,
            "PROVISIONING_STATE": 0,
            "SL_EVENT_CLASS_BSD": 0,
            "SL_EVENT_CLASS_DEVICE": 0,
            "SL_EVENT_CLASS_FS": 0,
            "SL_EVENT_CLASS_GLOBAL": 0,
            "SL_EVENT_CLASS_NETAPP": 0,
            "SL_EVENT_CLASS_NETCFG": 0,
            "SL_EVENT_CLASS_WLAN": 0,
            "START_ROLE": "2",
            "STA_START_APPS": 5,
            "STA_TX_POWER_LEVEL": "0",
            "SystemFileId": "CONFIG_TYPE_MODE"
        },
        "CONFIG_TYPE_STA_CONFIG": {
            "AUTOPROVISIONING": "1",
            "AUTOSTART": "1",
            "CONNECTTOANYP2P": "0",
            "USEFASTCONNECT": "0"
        },
        "FILES": {
            "CSS_FILE_NAME": "certcatalogPlayGround20160911.lst.signed_3135.bin",
            "CS_FILE_NAME": "certcatalogPlayGround20160911.lst",
            "OTP_NAME": "",
            "SM_MCU_CERT_NAME": "",
            "SM_MCU_NAME": "",
            "SP_FILE_NAME": "sp_4.7.0.3_3.1.0.5_3.1.0.26.bin",
            "SystemFileId": "FILES"
        },
        "REG_DOMAIN": {
            "CURVE_00": 0,
            "CURVE_01": 0,
            "CURVE_02": 0,
            "CURVE_03": 0,
            "CURVE_04": 0,
            "CURVE_10": 0,
            "CURVE_11": 0,
            "CURVE_12": 0,
            "CURVE_13": 0,
            "CURVE_14": 0,
            "EBH_CHANNEL_100": 0,
            "EBH_CHANNEL_104": 0,
            "EBH_CHANNEL_108": 0,
            "EBH_CHANNEL_112": 0,
            "EBH_CHANNEL_116": 0,
            "EBH_CHANNEL_120": 0,
            "EBH_CHANNEL_124": 0,
            "EBH_CHANNEL_128": 0,
            "EBH_CHANNEL_132": 0,
            "EBH_CHANNEL_136": 0,
            "EBH_CHANNEL_140": 0,
            "EBH_CHANNEL_144": 0,
            "EBH_CHANNEL_149": 0,
            "EBH_CHANNEL_153": 0,
            "EBH_CHANNEL_157": 0,
            "EBH_CHANNEL_161": 0,
            "EBH_CHANNEL_165": 0,
            "EBH_CHANNEL_169": 0,
            "EBH_CHANNEL_36": 0,
            "EBH_CHANNEL_40": 0,
            "EBH_CHANNEL_44": 0,
            "EBH_CHANNEL_48": 0,
            "EBH_CHANNEL_52": 0,
            "EBH_CHANNEL_56": 0,
            "EBH_CHANNEL_60": 0,
            "EBH_CHANNEL_64": 0,
            "EBL_CHANNEL_100": 0,
            "EBL_CHANNEL_104": 0,
            "EBL_CHANNEL_108": 0,
            "EBL_CHANNEL_112": 0,
            "EBL_CHANNEL_116": 0,
            "EBL_CHANNEL_120": 0,
            "EBL_CHANNEL_124": 0,
            "EBL_CHANNEL_128": 0,
            "EBL_CHANNEL_132": 0,
            "EBL_CHANNEL_136": 0,
            "EBL_CHANNEL_140": 0,
            "EBL_CHANNEL_144": 0,
            "EBL_CHANNEL_149": 0,
            "EBL_CHANNEL_153": 0,
            "EBL_CHANNEL_157": 0,
            "EBL_CHANNEL_161": 0,
            "EBL_CHANNEL_165": 0,
            "EBL_CHANNEL_169": 0,
            "EBL_CHANNEL_36": 0,
            "EBL_CHANNEL_40": 0,
            "EBL_CHANNEL_44": 0,
            "EBL_CHANNEL_48": 0,
            "EBL_CHANNEL_52": 0,
            "EBL_CHANNEL_56": 0,
            "EBL_CHANNEL_60": 0,
            "EBL_CHANNEL_64": 0,
            "ETCI_CHANNEL_100": 0,
            "ETCI_CHANNEL_104": 0,
            "ETCI_CHANNEL_108": 0,
            "ETCI_CHANNEL_112": 0,
            "ETCI_CHANNEL_116": 0,
            "ETCI_CHANNEL_120": 0,
            "ETCI_CHANNEL_124": 0,
            "ETCI_CHANNEL_128": 0,
            "ETCI_CHANNEL_132": 0,
            "ETCI_CHANNEL_136": 0,
            "ETCI_CHANNEL_140": 0,
            "ETCI_CHANNEL_144": 0,
            "ETCI_CHANNEL_149": 0,
            "ETCI_CHANNEL_153": 0,
            "ETCI_CHANNEL_157": 0,
            "ETCI_CHANNEL_161": 0,
            "ETCI_CHANNEL_165": 0,
            "ETCI_CHANNEL_169": 0,
            "ETCI_CHANNEL_36": 0,
            "ETCI_CHANNEL_40": 0,
            "ETCI_CHANNEL_44": 0,
            "ETCI_CHANNEL_48": 0,
            "ETCI_CHANNEL_52": 0,
            "ETCI_CHANNEL_56": 0,
            "ETCI_CHANNEL_60": 0,
            "ETCI_CHANNEL_64": 0,
            "ETSI2411B_CHANNEL_1": 0,
            "ETSI2411B_CHANNEL_10": 0,
            "ETSI2411B_CHANNEL_11": 0,
            "ETSI2411B_CHANNEL_12": 0,
            "ETSI2411B_CHANNEL_13": 0,
            "ETSI2411B_CHANNEL_14": 0,
            "ETSI2411B_CHANNEL_2": 0,
            "ETSI2411B_CHANNEL_3": 0,
            "ETSI2411B_CHANNEL_4": 0,
            "ETSI2411B_CHANNEL_5": 0,
            "ETSI2411B_CHANNEL_6": 0,
            "ETSI2411B_CHANNEL_7": 0,
            "ETSI2411B_CHANNEL_8": 0,
            "ETSI2411B_CHANNEL_9": 0,
            "ETSI24BOH_CHANNEL_1": 0,
            "ETSI24BOH_CHANNEL_10": 0,
            "ETSI24BOH_CHANNEL_11": 0,
            "ETSI24BOH_CHANNEL_12": 0,
            "ETSI24BOH_CHANNEL_13": 0,
            "ETSI24BOH_CHANNEL_14": 0,
            "ETSI24BOH_CHANNEL_2": 0,
            "ETSI24BOH_CHANNEL_3": 0,
            "ETSI24BOH_CHANNEL_4": 0,
            "ETSI24BOH_CHANNEL_5": 0,
            "ETSI24BOH_CHANNEL_6": 0,
            "ETSI24BOH_CHANNEL_7": 0,
            "ETSI24BOH_CHANNEL_8": 0,
            "ETSI24BOH_CHANNEL_9": 0,
            "ETSI24BOL_CHANNEL_1": 0,
            "ETSI24BOL_CHANNEL_10": 0,
            "ETSI24BOL_CHANNEL_11": 0,
            "ETSI24BOL_CHANNEL_12": 0,
            "ETSI24BOL_CHANNEL_13": 0,
            "ETSI24BOL_CHANNEL_14": 0,
            "ETSI24BOL_CHANNEL_2": 0,
            "ETSI24BOL_CHANNEL_3": 0,
            "ETSI24BOL_CHANNEL_4": 0,
            "ETSI24BOL_CHANNEL_5": 0,
            "ETSI24BOL_CHANNEL_6": 0,
            "ETSI24BOL_CHANNEL_7": 0,
            "ETSI24BOL_CHANNEL_8": 0,
            "ETSI24BOL_CHANNEL_9": 0,
            "ETSI24_ENABLED": false,
            "ETSI_ENABLED": false,
            "ExBO_ENABLED": false,
            "FCC2411B_CHANNEL_1": 0,
            "FCC2411B_CHANNEL_10": 0,
            "FCC2411B_CHANNEL_11": 0,
            "FCC2411B_CHANNEL_12": 0,
            "FCC2411B_CHANNEL_13": 0,
            "FCC2411B_CHANNEL_14": 0,
            "FCC2411B_CHANNEL_2": 0,
            "FCC2411B_CHANNEL_3": 0,
            "FCC2411B_CHANNEL_4": 0,
            "FCC2411B_CHANNEL_5": 0,
            "FCC2411B_CHANNEL_6": 0,
            "FCC2411B_CHANNEL_7": 0,
            "FCC2411B_CHANNEL_8": 0,
            "FCC2411B_CHANNEL_9": 0,
            "FCC24BOH_CHANNEL_1": 0,
            "FCC24BOH_CHANNEL_10": 0,
            "FCC24BOH_CHANNEL_11": 0,
            "FCC24BOH_CHANNEL_12": 0,
            "FCC24BOH_CHANNEL_13": 0,
            "FCC24BOH_CHANNEL_14": 0,
            "FCC24BOH_CHANNEL_2": 0,
            "FCC24BOH_CHANNEL_3": 0,
            "FCC24BOH_CHANNEL_4": 0,
            "FCC24BOH_CHANNEL_5": 0,
            "FCC24BOH_CHANNEL_6": 0,
            "FCC24BOH_CHANNEL_7": 0,
            "FCC24BOH_CHANNEL_8": 0,
            "FCC24BOH_CHANNEL_9": 0,
            "FCC24BOL_CHANNEL_1": 0,
            "FCC24BOL_CHANNEL_10": 0,
            "FCC24BOL_CHANNEL_11": 0,
            "FCC24BOL_CHANNEL_12": 0,
            "FCC24BOL_CHANNEL_13": 0,
            "FCC24BOL_CHANNEL_14": 0,
            "FCC24BOL_CHANNEL_2": 0,
            "FCC24BOL_CHANNEL_3": 0,
            "FCC24BOL_CHANNEL_4": 0,
            "FCC24BOL_CHANNEL_5": 0,
            "FCC24BOL_CHANNEL_6": 0,
            "FCC24BOL_CHANNEL_7": 0,
            "FCC24BOL_CHANNEL_8": 0,
            "FCC24BOL_CHANNEL_9": 0,
            "FCC24_ENABLED": false,
            "FCC_CHANNEL_100": 0,
            "FCC_CHANNEL_104": 0,
            "FCC_CHANNEL_108": 0,
            "FCC_CHANNEL_112": 0,
            "FCC_CHANNEL_116": 0,
            "FCC_CHANNEL_120": 0,
            "FCC_CHANNEL_124": 0,
            "FCC_CHANNEL_128": 0,
            "FCC_CHANNEL_132": 0,
            "FCC_CHANNEL_136": 0,
            "FCC_CHANNEL_140": 0,
            "FCC_CHANNEL_144": 0,
            "FCC_CHANNEL_149": 0,
            "FCC_CHANNEL_153": 0,
            "FCC_CHANNEL_157": 0,
            "FCC_CHANNEL_161": 0,
            "FCC_CHANNEL_165": 0,
            "FCC_CHANNEL_169": 0,
            "FCC_CHANNEL_36": 0,
            "FCC_CHANNEL_40": 0,
            "FCC_CHANNEL_44": 0,
            "FCC_CHANNEL_48": 0,
            "FCC_CHANNEL_52": 0,
            "FCC_CHANNEL_56": 0,
            "FCC_CHANNEL_60": 0,
            "FCC_CHANNEL_64": 0,
            "FCC_ENABLED": false,
            "IL_ENABLED": false,
            "JP2411B_CHANNEL_1": 0,
            "JP2411B_CHANNEL_10": 0,
            "JP2411B_CHANNEL_11": 0,
            "JP2411B_CHANNEL_12": 0,
            "JP2411B_CHANNEL_13": 0,
            "JP2411B_CHANNEL_14": 0,
            "JP2411B_CHANNEL_2": 0,
            "JP2411B_CHANNEL_3": 0,
            "JP2411B_CHANNEL_4": 0,
            "JP2411B_CHANNEL_5": 0,
            "JP2411B_CHANNEL_6": 0,
            "JP2411B_CHANNEL_7": 0,
            "JP2411B_CHANNEL_8": 0,
            "JP2411B_CHANNEL_9": 0,
            "JP24BOH_CHANNEL_1": 0,
            "JP24BOH_CHANNEL_10": 0,
            "JP24BOH_CHANNEL_11": 0,
            "JP24BOH_CHANNEL_12": 0,
            "JP24BOH_CHANNEL_13": 0,
            "JP24BOH_CHANNEL_14": 0,
            "JP24BOH_CHANNEL_2": 0,
            "JP24BOH_CHANNEL_3": 0,
            "JP24BOH_CHANNEL_4": 0,
            "JP24BOH_CHANNEL_5": 0,
            "JP24BOH_CHANNEL_6": 0,
            "JP24BOH_CHANNEL_7": 0,
            "JP24BOH_CHANNEL_8": 0,
            "JP24BOH_CHANNEL_9": 0,
            "JP24BOL_CHANNEL_1": 0,
            "JP24BOL_CHANNEL_10": 0,
            "JP24BOL_CHANNEL_11": 0,
            "JP24BOL_CHANNEL_12": 0,
            "JP24BOL_CHANNEL_13": 0,
            "JP24BOL_CHANNEL_14": 0,
            "JP24BOL_CHANNEL_2": 0,
            "JP24BOL_CHANNEL_3": 0,
            "JP24BOL_CHANNEL_4": 0,
            "JP24BOL_CHANNEL_5": 0,
            "JP24BOL_CHANNEL_6": 0,
            "JP24BOL_CHANNEL_7": 0,
            "JP24BOL_CHANNEL_8": 0,
            "JP24BOL_CHANNEL_9": 0,
            "JP24_ENABLED": false,
            "JP_CHANNEL_100": 0,
            "JP_CHANNEL_104": 0,
            "JP_CHANNEL_108": 0,
            "JP_CHANNEL_112": 0,
            "JP_CHANNEL_116": 0,
            "JP_CHANNEL_120": 0,
            "JP_CHANNEL_124": 0,
            "JP_CHANNEL_128": 0,
            "JP_CHANNEL_132": 0,
            "JP_CHANNEL_136": 0,
            "JP_CHANNEL_140": 0,
            "JP_CHANNEL_144": 0,
            "JP_CHANNEL_149": 0,
            "JP_CHANNEL_153": 0,
            "JP_CHANNEL_157": 0,
            "JP_CHANNEL_161": 0,
            "JP_CHANNEL_165": 0,
            "JP_CHANNEL_169": 0,
            "JP_CHANNEL_36": 0,
            "JP_CHANNEL_40": 0,
            "JP_CHANNEL_44": 0,
            "JP_CHANNEL_48": 0,
            "JP_CHANNEL_52": 0,
            "JP_CHANNEL_56": 0,
            "JP_CHANNEL_60": 0,
            "JP_CHANNEL_64": 0,
            "JP_ENABLED": false,
            "UNII1_ALG_0": 0,
            "UNII1_RX_0": 0,
            "UNII1_TX_0": 0,
            "UNII2A_ALG_1": 0,
            "UNII2A_RX_1": 0,
            "UNII2A_TX_1": 0,
            "UNII2C1_ALG_2": 0,
            "UNII2C1_RX_2": 0,
            "UNII2C1_TX_2": 0,
            "UNII2C2_ALG_3": 0,
            "UNII2C2_RX_3": 0,
            "UNII2C2_TX_3": 0,
            "UNII3_ALG_4": 0,
            "UNII3_RX_4": 0,
            "UNII3_TX_4": 0
        }
    }
}