{
    "header": {
        "AddClstOta": false,
        "DEV_MAC_ADDR": "04:a3:16:45:83:92",
        "Description": "",
        "DeviceType": "CC3120R",
        "EnableReturnToFactory": "defaults_and_image",
        "Is5GSupport": false,
        "IsGen3": false,
        "IsModule": "0",
        "IsTheDeviceSecure": true,
        "KeyFileLocation": "",
        "Mode": "development",
        "Name": "local_ota_CC3120",
        "ProductionNWP": "1",
        "ReturnToFactoryGPIO": "0",
        "ServicePackFileLocation": "sp_3.16.0.1_2.0.0.0_2.2.0.7.bin",
        "StorageCapacityBytes": "2097152",
        "UseDefaultCertStore": false,
        "UseDefaultPlayGroundCatalog": false,
        "UseKey": 0,
        "UseOtp": false,
        "UseSecBtldr": false
    },
    "systemFiles": {
        "CONFIG_TYPE_AP": {
            "CHANNEL": "1",
            "HIDDEN_SSID": "0",
            "MAX_STT": "4",
            "PASSWORD": "",
            "SECURITY": "0",
            "SSID": "mysimplelink"
        },
        "CONFIG_TYPE_CSR_DICE_CFG": {
            "CREATE_CSR": false,
            "CSR_CERT_NUMBER": "",
            "CSR_COUNTRY_CODE": "",
            "CSR_EMAIL": "",
            "CSR_END_DAY": "31",
            "CSR_END_MONTH": "12",
            "CSR_END_YEAR": "2020",
            "CSR_ISCA": false,
            "CSR_LOCALITY": "",
            "CSR_NAME": "",
            "CSR_ORGANIZATION": "",
            "CSR_ORGANIZATION_UNIT": "",
            "CSR_START_DAY": "01",
            "CSR_START_MONTH": "01",
            "CSR_START_YEAR": "2013",
            "CSR_STATE": "",
            "CSR_SURNAME": "",
            "CSR_TOKEN": "",
            "CSR_USE_UDID_AS_COMMON_NAME": false,
            "CSR_VENDOR": false,
            "ENABLE_DICE": "0",
            "SystemFileId": "CONFIG_TYPE_CSR_DICE_CFG",
            "USE_RAND_NUMBER": false,
            "USE_SELF_SIGNED_CERT": false
        },
        "CONFIG_TYPE_DEVICE_NAME": {
            "DEVICE_URN": "mysimplelink",
            "DOMAIN_NAME": "mysimplelink.net"
        },
        "CONFIG_TYPE_DHCP_SRV": {
            "AP_DHCP_SERVER_LAST_IP_ADDRESS": "10.123.45.254",
            "AP_DHCP_SERVER_LEASE_TIME": "24",
            "AP_DHCP_SERVER_START_IP_ADDRESS": "10.123.45.2",
            "SystemFileId": "CONFIG_TYPE_DHCP_SRV"
        },
        "CONFIG_TYPE_HTTP_SRV": {
            "ACCESS_CA_CERT": false,
            "ACCESS_ROM": true,
            "CA_CERTIFICATE_FILE_NAME": "",
            "CERTIFICATE_FILE_NAME": "",
            "DEFAULT_CHANGED": false,
            "PRIM_PORT_SECURE": false,
            "PRIM_PORT_VAL": "80",
            "PRIVATEKEY_FILE_NAME": "",
            "SEC_PORT_ENABLE": false,
            "SEC_PORT_VAL": "8080"
        },
        "CONFIG_TYPE_IP_CONFIG": {
            "AP_ARP_RENEW_TIME": null,
            "AP_DEFAULT_GATEWAY": "10.123.45.1",
            "AP_DHCP_CLIENT_TIME_OUT": null,
            "AP_DHCP_SERVER_LAST_IP_ADDRESS": "10.123.45.254",
            "AP_DHCP_SERVER_MODE": null,
            "AP_DHCP_SERVER_START_IP_ADDRESS": "10.123.45.2",
            "AP_DNS_CLIENT_TIME": null,
            "AP_INACTIVITY_TIME": null,
            "AP_IPV4_DNS_SERVER": "10.123.45.1",
            "AP_IPV6_DNS_SERVER": null,
            "AP_IP_MODE": null,
            "AP_KEEP_ALIVE_TIME": null,
            "AP_STATIC_IP": "10.123.45.1",
            "AP_STATIC_IPV6_GLOBAL_ADDRESS": null,
            "AP_STATIC_IPV6_LOCAL_ADDRESS": null,
            "AP_SUBNET_MASK": null,
            "STA_ARP_RENEW_TIME": null,
            "STA_DEFAULT_GATEWAY": "192.168.1.31",
            "STA_DHCP_CLIENT_TIME_OUT": null,
            "STA_DHCP_SERVER_LAST_IP_ADDRESS": null,
            "STA_DHCP_SERVER_MODE": null,
            "STA_DHCP_SERVER_START_IP_ADDRESS": null,
            "STA_DNS_CLIENT_TIME": null,
            "STA_INACTIVITY_TIME": null,
            "STA_IPV4_DNS_SERVER": "192.168.1.31",
            "STA_IPV6_DNS_SERVER": null,
            "STA_IP_MODE": "True",
            "STA_KEEP_ALIVE_TIME": null,
            "STA_STATIC_IP": "192.168.1.101",
            "STA_STATIC_IPV6_GLOBAL_ADDRESS": null,
            "STA_STATIC_IPV6_LOCAL_ADDRESS": null,
            "STA_SUBNET_MASK": "255.255.255.0",
            "SystemFileId": "CONFIG_TYPE_IP_CONFIG"
        },
        "CONFIG_TYPE_MAC": {
            "MAC_ADDR": "08:00:28:11:22:33",
            "SystemFileId": "CONFIG_TYPE_MAC",
            "USE_DEFAULT": 1
        },
        "CONFIG_TYPE_MODE": {
            "AP_START_APPS": 15,
            "AP_TX_POWER_LEVEL": "0",
            "AUTO_PROV_EXTERNAL_CONFIRMATION": "0",
            "COUNTRY_CODE": "EU",
            "IGNORE_FORCE_AP": "0",
            "Is5GEnabled": false,
            "NO_PSPOLL_MODE": false,
            "P2P_CLS_START_APPS": 5,
            "P2P_GO_START_APPS": 15,
            "PHY_AP_HIGH_TX_POWER": 0,
            "PHY_CAL_MODE": "0",
            "PHY_STA_HIGH_TX_POWER": 0,
            "PROVISIONING_MODE": 2,
            "PROVISIONING_MONITOR_TIMER": 0,
            "PROVISIONING_RESULT": 0,
            "PROVISIONING_ROLE_AFTER_SUCCESS": 0,
            "PROVISIONING_SAVED_AUTO_START": 1,
            "PROVISIONING_SAVED_ROLE": 0,
            "PROVISIONING_STATE": 0,
            "SL_EVENT_CLASS_BSD": 0,
            "SL_EVENT_CLASS_DEVICE": 0,
            "SL_EVENT_CLASS_FS": 0,
            "SL_EVENT_CLASS_GLOBAL": 0,
            "SL_EVENT_CLASS_NETAPP": 0,
            "SL_EVENT_CLASS_NETCFG": 0,
            "SL_EVENT_CLASS_WLAN": 0,
            "START_ROLE": "2",
            "STA_START_APPS": 5,
            "STA_TX_POWER_LEVEL": "0",
            "SystemFileId": "CONFIG_TYPE_MODE"
        },
        "CONFIG_TYPE_STA_CONFIG": {
            "AUTOPROVISIONING": "1",
            "AUTOSTART": "1",
            "CONNECTTOANYP2P": "0",
            "USEFASTCONNECT": "0"
        },
        "FILES": {
            "CSS_FILE_NAME": "certcatalogPlayGround20160911.lst.signed_3120.bin",
            "CS_FILE_NAME": "certcatalogPlayGround20160911.lst",
            "OTP_NAME": "",
            "SM_MCU_CERT_NAME": "",
            "SM_MCU_NAME": "",
            "SP_FILE_NAME": "sp_3.16.0.1_2.0.0.0_2.2.0.7.bin",
            "SystemFileId": "FILES"
        }
    }
}